"Date & Time","use [kW]","gen [kW]","Register 1 [kW]","Register 2 [kW]","Register 3 [kW]","Register 4 [kW]","Register 5 [kW]","Register 6 [kW]","Register 7 [kW]","Register 8 [kW]","Register 9 [kW]","Register 10 [kW]","Register 11 [kW]","Register 12 [kW]","Solar [kW]"
2018-12-25 23:55:00,198.419666667,-1.722206667,16.889486667,4.511993333,15.238646667,29.611680000,5.752833333,21.141943333,21.769033333,8.022366667,13.847713333,22.609933333,22.204346667,16.819690000,-1.722206667
2018-12-25 23:50:00,200.064403333,-1.722993333,17.884650000,5.161893333,15.989406667,29.246280000,5.393553333,20.805326667,21.126853333,7.872160000,14.310220000,23.104173333,21.769483333,17.400403333,-1.722993333
2018-12-25 23:45:00,187.255870000,-1.721570000,18.065633333,5.247700000,16.180270000,29.115363333,5.233210000,20.674766667,20.983423333,7.754066667,13.849900000,18.955223333,17.743983333,13.452330000,-1.721570000
2018-12-25 23:40:00,185.276393333,-1.723543333,16.968980000,4.129356667,15.236873333,29.237746667,5.705740000,20.855083333,21.029723333,7.754583333,13.876853333,19.114100000,17.803220000,13.564133333,-1.723543333
2018-12-25 23:35:00,190.433030000,-1.723580000,17.186693333,4.141776667,15.380320000,28.670030000,5.818203333,20.648730000,21.429933333,7.971366667,14.024526667,20.880696667,19.459863333,14.820890000,-1.723580000
2018-12-25 23:30:00,196.664706667,-1.717420000,17.055026667,4.068003333,15.506800000,28.424320000,5.354076667,20.778003333,22.490803333,8.306280000,14.652180000,22.513890000,21.194356667,16.320966667,-1.717420000
2018-12-25 23:25:00,197.804803333,-1.718400000,18.036506667,4.159270000,15.828733333,28.367240000,4.867616667,20.787160000,22.284273333,8.115933333,14.114190000,23.140186667,21.385606667,16.718086667,-1.718400000
2018-12-25 23:20:00,192.576706667,-1.714386667,18.639693333,4.902350000,15.901926667,28.451660000,4.962786667,20.849626667,22.561326667,8.728886667,14.320590000,20.553470000,18.485753333,14.218636667,-1.714386667
2018-12-25 23:15:00,204.994480000,-1.718100000,18.703540000,4.973793333,15.745406667,28.466160000,4.994800000,20.805156667,22.652396667,8.932863333,14.249943333,22.846076667,24.590330000,18.034013333,-1.718100000
2018-12-25 23:10:00,206.232750000,-1.724030000,19.213380000,4.556736667,15.810396667,28.470723333,5.457823333,20.921050000,22.880836667,9.362203333,14.226863333,21.157643333,27.178103333,16.996990000,-1.724030000
2018-12-25 23:05:00,208.052623333,-1.736630000,18.559003333,4.298200000,15.903486667,28.644613333,5.888146667,21.033676667,22.419766667,9.258353333,14.194306667,22.321296667,27.094333333,18.437440000,-1.736630000
2018-12-25 23:00:00,204.196543333,-1.737853333,18.607036667,4.622950000,16.160443333,28.404790000,5.552496667,20.746736667,22.188423333,8.940080000,13.904893333,22.864726667,23.927333333,18.276633333,-1.737853333
2018-12-25 22:55:00,204.454053333,-1.746680000,21.983540000,8.425630000,19.866063333,28.866170000,5.304016667,21.009933333,22.206640000,8.902056667,14.207276667,20.462866667,18.806840000,14.413020000,-1.746680000
2018-12-25 22:50:00,205.505316667,-1.739790000,19.261976667,6.190420000,17.722190000,29.541330000,5.366143333,21.113193333,22.430383333,8.950186667,14.304406667,22.638733333,21.184883333,16.801470000,-1.739790000
2018-12-25 22:45:00,208.801283333,-1.735386667,18.186126667,5.192963333,16.361573333,29.409470000,5.328606667,21.049496667,21.990503333,8.570433333,13.967053333,25.294280000,23.640323333,19.810453333,-1.735386667
2018-12-25 22:40:00,195.764270000,-1.737070000,17.546526667,4.613073333,15.606236667,29.565083333,5.778910000,21.119090000,21.147963333,7.724440000,13.955276667,21.921156667,20.525650000,16.260863333,-1.737070000
2018-12-25 22:35:00,196.355250000,-1.737443333,17.087556667,4.125766667,15.589310000,29.539436667,5.854116667,21.010116667,21.326040000,7.886996667,14.387680000,22.257003333,20.601350000,16.689876667,-1.737443333
2018-12-25 22:30:00,190.278360000,-1.734593333,17.397446667,4.152126667,15.583833333,29.486060000,5.765283333,20.961150000,21.320443333,7.900563333,14.015973333,19.918596667,19.623350000,14.153533333,-1.734593333
2018-12-25 22:25:00,185.240096667,-1.733863333,17.087423333,4.144296667,15.410690000,29.019376667,5.205566667,20.782740000,21.148820000,7.737363333,13.937190000,19.249623333,17.998103333,13.518903333,-1.733863333
2018-12-25 22:20:00,185.757326667,-1.733440000,17.354066667,4.219366667,15.488800000,28.002230000,5.072153333,20.622296667,21.116790000,7.745670000,13.935376667,19.797380000,18.190776667,14.212420000,-1.733440000
2018-12-25 22:15:00,202.141553333,-1.734203333,18.522083333,4.539820000,15.683143333,28.247740000,5.362490000,20.905926667,21.255510000,7.854933333,14.424783333,24.266553333,22.338206667,18.740363333,-1.734203333
2018-12-25 22:10:00,212.120490000,-1.732993333,18.479986667,4.934806667,15.521940000,28.541283333,5.997276667,21.179586667,21.138163333,7.718530000,13.951873333,26.150330000,24.399780000,24.106933333,-1.732993333
2018-12-25 22:05:00,196.123206667,-1.734760000,19.061303333,5.254800000,15.810413333,28.190036667,5.719456667,20.788846667,21.136203333,7.735880000,13.956463333,22.080476667,20.228470000,16.160856667,-1.734760000
2018-12-25 22:00:00,187.672486667,-1.723363333,18.240973333,4.498386667,15.656313333,28.094366667,5.531083333,20.788710000,21.807863333,8.420143333,14.006103333,19.500583333,17.587930000,13.540030000,-1.723363333
2018-12-25 21:55:00,191.926423333,-1.726276667,18.617456667,4.489663333,15.750213333,28.080236667,5.221426667,20.796286667,22.249836667,8.893966667,14.402660000,20.062123333,19.202906667,14.159646667,-1.726276667
2018-12-25 21:50:00,203.817846667,-1.721103333,21.807003333,8.303486667,19.432286667,28.114833333,5.314533333,20.785263333,22.113456667,8.791770000,13.930693333,20.743260000,19.788000000,14.693260000,-1.721103333
2018-12-25 21:45:00,203.668306667,-1.712316667,20.294273333,7.680363333,18.827010000,28.544736667,5.479053333,20.968920000,22.129930000,8.795276667,13.929026667,21.062193333,20.417560000,15.539963333,-1.712316667
2018-12-25 21:40:00,203.864840000,-1.709733333,18.378143333,4.582136667,15.528833333,29.430273333,6.037756667,21.080423333,22.068416667,8.825660000,13.894090000,23.409696667,23.046163333,17.583246667,-1.709733333
2018-12-25 21:35:00,199.460776667,-1.715253333,19.218240000,5.652876667,15.553150000,29.324966667,6.039896667,21.025150000,22.345346667,9.082623333,14.324710000,20.226200000,22.471573333,14.196043333,-1.715253333
2018-12-25 21:30:00,195.398546667,-1.717176667,19.398666667,5.860753333,15.524200000,29.417293333,6.040690000,21.194976667,22.365080000,8.856206667,14.282460000,19.991226667,18.605020000,13.861973333,-1.717176667
2018-12-25 21:25:00,198.183750000,-1.713876667,19.259393333,5.176686667,15.586566667,29.365053333,5.600693333,21.158566667,22.052210000,8.170996667,14.056046667,21.727146667,20.317826667,15.712563333,-1.713876667
2018-12-25 21:20:00,202.462793333,-1.713790000,17.173156667,4.376863333,15.449356667,29.759020000,6.117026667,21.612373333,21.931530000,8.060370000,13.924246667,25.262170000,21.634236667,17.162443333,-1.713790000
2018-12-25 21:15:00,193.549136667,-1.714600000,18.123130000,4.732213333,15.496703333,29.066173333,5.487206667,20.981666667,21.993396667,8.140993333,14.254180000,21.009396667,19.579950000,14.684126667,-1.714600000
2018-12-25 21:10:00,189.033996667,-1.711180000,18.879176667,4.964160000,15.738550000,27.861696667,5.438936667,20.526543333,22.110406667,8.234353333,14.145946667,19.483460000,18.095636667,13.555130000,-1.711180000
2018-12-25 21:05:00,197.488613333,-1.705010000,18.682356667,4.868066667,15.842233333,27.986086667,5.734203333,20.671290000,21.910536667,8.045916667,13.906076667,22.616210000,21.399076667,15.826560000,-1.705010000
2018-12-25 21:00:00,205.296423333,-1.709430000,18.409983333,4.751100000,15.702120000,27.882690000,5.635846667,20.669040000,21.969633333,8.147103333,14.275473333,26.104760000,23.463596667,18.285076667,-1.709430000
2018-12-25 20:55:00,200.935050000,-1.707286667,18.724253333,4.955880000,15.695540000,28.077616667,5.535666667,20.869130000,21.994676667,8.196706667,14.070353333,24.391203333,21.660266667,16.763756667,-1.707286667
2018-12-25 20:50:00,194.710290000,-1.708860000,18.875620000,4.647263333,15.698646667,27.880330000,5.404893333,20.734893333,21.984976667,8.195523333,13.984840000,22.691533333,19.609036667,15.002733333,-1.708860000
2018-12-25 20:45:00,190.846760000,-1.710373333,18.236100000,4.609773333,15.512110000,27.763323333,5.223020000,20.610096667,22.912870000,9.138873333,14.022450000,20.505936667,18.623676667,13.688530000,-1.710373333
2018-12-25 20:40:00,201.504820000,-1.702360000,20.494820000,7.850870000,18.582093333,27.854126667,5.659133333,20.663796667,23.220626667,9.415860000,14.448846667,20.393363333,18.714356667,14.206926667,-1.702360000
2018-12-25 20:35:00,201.981763333,-1.705570000,20.734596667,8.438153333,19.283180000,28.286680000,6.091483333,21.002950000,23.111556667,9.322773333,14.087400000,19.471056667,18.508543333,13.643390000,-1.705570000
2018-12-25 20:30:00,201.473236667,-1.706500000,17.234686667,4.582220000,15.341773333,29.904910000,6.779673333,21.763736667,22.977563333,9.214166667,14.014080000,22.319866667,20.997170000,16.343390000,-1.706500000
2018-12-25 20:25:00,201.019986667,-1.702820000,18.016986667,4.902346667,15.317856667,29.153620000,5.585436667,20.950436667,22.847640000,9.285550000,14.134553333,22.685833333,21.079930000,17.059796667,-1.702820000
2018-12-25 20:20:00,193.651980000,-1.698023333,19.296316667,5.740593333,15.397163333,29.164873333,5.630980000,21.019963333,22.107326667,8.923230000,14.284593333,19.700576667,18.445646667,13.940716667,-1.698023333
2018-12-25 20:15:00,193.960966667,-1.702680000,19.408996667,5.578643333,15.433116667,29.516893333,5.977396667,21.299956667,21.483823333,8.302766667,14.085596667,20.075173333,18.648956667,14.149646667,-1.702680000
2018-12-25 20:10:00,192.793386667,-1.700500000,19.849376667,5.635820000,15.729330000,29.174036667,6.045040000,20.969080000,20.930376667,7.745406667,13.843350000,19.961226667,19.007786667,13.902556667,-1.700500000
2018-12-25 20:05:00,190.063046667,-1.700116667,18.139870000,4.690450000,15.780363333,29.311420000,6.260416667,21.151413333,20.921570000,7.742973333,13.842756667,19.876616667,18.241783333,14.103413333,-1.700116667
2018-12-25 20:00:00,199.178916667,-1.706030000,18.567746667,4.635730000,15.865813333,27.731853333,5.492273333,20.571010000,21.026433333,7.868636667,14.295563333,23.433513333,21.863576667,17.826766667,-1.706030000
2018-12-25 19:55:00,200.856970000,-1.709016667,18.071486667,4.545826667,15.584246667,27.617020000,5.211116667,20.582803333,20.895903333,7.766306667,13.822323333,24.990850000,22.944976667,18.824110000,-1.709016667
2018-12-25 19:50:00,188.512176667,-1.710950000,18.437093333,4.667716667,15.635056667,27.840350000,5.347716667,20.705896667,20.907916667,7.769466667,13.823766667,20.291913333,19.023886667,14.061396667,-1.710950000
2018-12-25 19:45:00,188.837760000,-1.713280000,18.448173333,4.929693333,15.643106667,28.008580000,5.493106667,20.866283333,21.127803333,7.959720000,14.097123333,19.914660000,18.414056667,13.935453333,-1.713280000
2018-12-25 19:40:00,199.847766667,-1.714326667,19.490666667,5.879543333,16.792803333,27.909786667,5.907783333,20.767143333,21.194293333,8.019966667,14.501103333,21.888776667,21.397343333,16.098556667,-1.714326667
2018-12-25 19:35:00,199.393180000,-1.712316667,18.658170000,5.754270000,16.776153333,28.109763333,6.200150000,20.894176667,20.975380000,7.835593333,13.736870000,22.598126667,21.159430000,16.695096667,-1.712316667
2018-12-25 19:30:00,201.244546667,-1.712353333,20.945446667,8.378266667,19.408230000,28.069590000,5.933066667,20.881490000,21.838910000,8.694296667,13.722976667,20.262120000,18.861900000,14.248253333,-1.712353333
2018-12-25 19:25:00,190.880263333,-1.708800000,17.744916667,5.098210000,16.019166667,28.053520000,5.536463333,20.767963333,21.828603333,8.702536667,13.705843333,19.783413333,19.921366667,13.718260000,-1.708800000
2018-12-25 19:20:00,200.630366667,-1.712073333,17.085953333,4.180010000,15.248280000,29.160673333,5.885726667,21.124156667,23.515843333,10.113753333,15.159193333,21.330486667,23.459483333,14.366806667,-1.712073333
2018-12-25 19:15:00,203.000923333,-1.718930000,17.298343333,4.664233333,15.067550000,28.886913333,5.676633333,20.945160000,22.764956667,9.123413333,13.780673333,22.766670000,25.024570000,17.001806667,-1.718930000
2018-12-25 19:10:00,206.427803333,-1.713296667,17.561050000,4.958033333,15.129826667,29.178646667,6.352470000,21.131173333,22.843826667,9.179313333,13.838170000,23.756510000,24.373706667,18.125076667,-1.713296667
2018-12-25 19:05:00,208.853760000,-1.719243333,17.794983333,4.783416667,15.327140000,29.356803333,6.585916667,21.205166667,22.891413333,9.220940000,13.874760000,23.942213333,25.903650000,17.967356667,-1.719243333
2018-12-25 19:00:00,193.311493333,-1.724913333,18.041390000,4.619013333,15.454283333,29.054663333,6.157876667,21.002913333,22.020813333,8.349736667,14.291150000,20.270310000,19.730766667,14.318576667,-1.724913333
2018-12-25 18:55:00,192.230643333,-1.722143333,18.852713333,5.016493333,15.654853333,29.067576667,5.916466667,20.999736667,22.023530000,8.370463333,14.121090000,19.568086667,18.881133333,13.758500000,-1.722143333
2018-12-25 18:50:00,209.499553333,-1.717583333,19.665883333,5.501073333,15.743243333,27.786906667,5.591533333,20.671943333,21.791676667,8.184506667,13.855250000,25.796410000,24.662653333,20.248473333,-1.717583333
2018-12-25 18:45:00,202.696293333,-1.715523333,19.973600000,5.468990000,15.759536667,27.914206667,5.882743333,20.977550000,21.798320000,8.185716667,13.859630000,23.317946667,22.104396667,17.453656667,-1.715523333
2018-12-25 18:40:00,196.832650000,-1.721893333,21.667300000,7.025653333,17.043940000,27.756083333,6.033503333,20.752630000,21.869323333,8.272423333,14.273016667,19.589606667,18.516943333,14.032226667,-1.721893333
2018-12-25 18:35:00,193.159730000,-1.720676667,18.287846667,5.391703333,15.891373333,27.728523333,6.123363333,20.759113333,21.722576667,8.147566667,13.860820000,19.143806667,18.551553333,17.551483333,-1.720676667
2018-12-25 18:30:00,196.696626667,-1.730186667,20.122780000,7.921440000,18.758706667,27.605540000,5.781590000,20.635886667,21.711106667,8.142946667,13.866336667,19.337230000,18.587733333,14.225330000,-1.730186667
2018-12-25 18:25:00,203.949140000,-1.723910000,19.873046667,7.917946667,18.717543333,27.542403333,5.383290000,20.492066667,21.788630000,8.225893333,13.935633333,21.752050000,21.605596667,16.715040000,-1.723910000
2018-12-25 18:20:00,202.916943333,-1.716390000,18.962683333,6.874623333,17.536396667,27.377996667,5.253036667,20.383626667,22.512023333,8.972983333,14.487560000,22.009343333,21.816003333,16.730666667,-1.716390000
2018-12-25 18:15:00,202.190153333,-1.715763333,20.470260000,8.218253333,18.738423333,28.003440000,5.687090000,20.801156667,22.909326667,9.362940000,14.024106667,20.012496667,19.701963333,14.260696667,-1.715763333
2018-12-25 18:10:00,196.010323333,-1.716080000,16.999630000,4.488183333,14.990456667,29.459410000,6.466656667,21.265030000,23.909100000,10.402540000,15.046720000,20.164073333,18.731816667,14.086706667,-1.716080000
2018-12-25 18:05:00,193.655673333,-1.718450000,17.223753333,4.619723333,15.231306667,29.468526667,6.557876667,21.300756667,22.940010000,9.387970000,14.039656667,20.094843333,18.799563333,13.991686667,-1.718450000
2018-12-25 18:00:00,203.502503333,-1.723876667,20.087676667,6.581546667,16.489660000,29.381336667,6.268780000,21.330576667,22.986226667,9.461726667,14.367786667,20.866803333,20.434513333,15.245870000,-1.723876667
2018-12-25 17:55:00,202.939140000,-1.719373333,19.666666667,5.376700000,15.693210000,29.208070000,5.857500000,21.196450000,22.953456667,9.431833333,14.138900000,21.814556667,21.330620000,16.271176667,-1.719373333
2018-12-25 17:50:00,199.426983333,-1.725103333,20.001683333,5.346790000,15.773993333,29.556456667,6.352340000,21.628213333,22.649976667,9.141823333,14.033560000,20.433786667,19.583973333,14.924386667,-1.725103333
2018-12-25 17:45:00,200.846806667,-1.726210000,17.817543333,4.204836667,15.196826667,29.233383333,6.105476667,21.200300000,21.853850000,8.402800000,13.979506667,23.087173333,22.340283333,17.424826667,-1.726210000
2018-12-25 17:40:00,189.799163333,-1.725410000,17.647643333,3.974140000,15.458176667,27.272103333,6.262196667,20.434533333,21.690400000,8.507040000,13.858090000,20.086286667,20.171853333,14.436700000,-1.725410000
2018-12-25 17:35:00,178.631706667,-1.735740000,16.987166667,3.285866667,14.832403333,26.398633333,5.523670000,19.679183333,20.904040000,7.560690000,13.609430000,18.537946667,18.177080000,13.135596667,-1.735740000
2018-12-25 17:30:00,174.859473333,-1.733703333,17.586686667,3.535756667,14.616263333,25.128886667,3.993323333,18.414576667,18.983766667,5.537063333,11.995216667,19.798063333,20.276230000,14.993640000,-1.733703333
2018-12-25 17:25:00,177.265413333,-1.571843333,17.070760000,3.468736667,14.431563333,24.752446667,3.550486667,18.180356667,18.935263333,5.455036667,11.912916667,22.189946667,20.690333333,16.627566667,-1.571843333
2018-12-25 17:20:00,171.109040000,-0.772756667,16.950943333,4.699540000,15.570170000,24.206070000,3.346256667,17.446320000,18.964600000,5.456003333,11.911793333,19.983410000,18.332023333,14.241910000,-0.772756667
2018-12-25 17:15:00,176.547513333,0.215120000,19.376570000,7.082640000,18.040986667,24.200993333,3.596013333,17.583316667,19.232826667,5.699673333,12.389740000,19.037763333,17.313153333,12.993836667,0.215120000
2018-12-25 17:10:00,168.098656667,0.654790000,16.695356667,4.061006667,15.194366667,24.245786667,4.183343333,17.677766667,19.020080000,5.485566667,12.075376667,18.656160000,17.367576667,13.436270000,0.654790000
2018-12-25 17:05:00,173.830440000,1.797863333,15.370223333,2.747550000,14.203180000,24.585620000,4.159236667,17.641583333,20.165133333,6.603280000,12.232956667,20.446233333,19.621173333,16.054270000,1.797863333
2018-12-25 17:00:00,179.372383333,2.633693333,15.673256667,2.822210000,14.228083333,25.956213333,4.607003333,18.257173333,20.132223333,6.596690000,12.040703333,21.562446667,20.768383333,16.727996667,2.633693333
2018-12-25 16:55:00,169.401766667,3.093913333,16.394003333,3.439716667,14.448526667,25.362303333,3.656126667,17.644270000,20.366620000,6.780120000,12.301300000,18.161943333,17.492396667,13.354440000,3.093913333
2018-12-25 16:50:00,166.742626667,6.245613333,16.635846667,3.235196667,14.412480000,25.718253333,4.001200000,17.900280000,20.241903333,6.676246667,12.371130000,16.989060000,15.867976667,12.693053333,6.245613333
2018-12-25 16:45:00,167.843010000,4.522656667,16.301386667,2.811013333,14.270523333,25.923316667,4.227183333,18.089603333,20.165256667,6.601466667,12.063390000,17.491870000,16.946990000,12.951010000,4.522656667
2018-12-25 16:40:00,184.341323333,3.418723333,17.565460000,3.751390000,15.300933333,25.795580000,4.701000000,18.130933333,20.146963333,6.600256667,12.014950000,21.868823333,21.187150000,17.277883333,3.418723333
2018-12-25 16:35:00,174.909233333,4.845266667,17.303653333,3.696543333,15.059186667,25.682310000,4.579153333,17.877600000,19.440196667,5.897266667,12.007630000,19.401360000,18.454126667,15.510206667,4.845266667
2018-12-25 16:30:00,175.878386667,10.503946667,16.565510000,2.826976667,14.295716667,24.191836667,3.710726667,17.374580000,19.407333333,5.562020000,12.299676667,20.191186667,21.901290000,17.551533333,10.503946667
2018-12-25 16:25:00,176.043590000,38.550870000,18.173180000,5.461060000,16.691643333,24.103210000,3.514206667,17.444340000,19.623726667,5.638716667,12.763276667,18.102996667,19.414773333,15.112460000,38.550870000
2018-12-25 16:20:00,180.758736667,27.532700000,19.751253333,8.036370000,18.836566667,24.146970000,3.488283333,17.390296667,19.126336667,5.548030000,12.019530000,17.795473333,19.783590000,14.836036667,27.532700000
2018-12-25 16:15:00,164.658503333,25.321056667,16.482613333,3.801293333,14.670300000,24.149400000,3.539516667,17.401383333,19.127893333,5.550990000,12.029136667,17.127270000,17.522056667,13.256650000,25.321056667
2018-12-25 16:10:00,165.990876667,26.313916667,15.477710000,2.824350000,13.923393333,24.207850000,4.084680000,17.468860000,19.138210000,5.554940000,12.026110000,18.653413333,18.178803333,14.452556667,26.313916667
2018-12-25 16:05:00,172.676103333,20.434620000,15.556493333,2.590636667,14.059230000,24.697963333,4.611890000,17.905040000,19.138080000,5.560043333,12.021970000,20.549683333,19.529153333,16.455920000,20.434620000
2018-12-25 16:00:00,168.290236667,32.324733333,15.205130000,2.499290000,14.015540000,24.144283333,3.615630000,17.389996667,19.145506667,5.548310000,12.010760000,19.626853333,19.805553333,15.283383333,32.324733333
2018-12-25 15:55:00,163.816766667,77.362073333,16.051470000,2.685873333,14.290213333,24.311656667,3.382460000,17.472676667,19.692436667,6.087140000,12.416510000,17.522863333,16.974993333,12.928473333,77.362073333
2018-12-25 15:50:00,172.582690000,70.448516667,18.122433333,3.865970000,14.723120000,25.340636667,3.702723333,17.714000000,20.419080000,6.779383333,12.304510000,18.490573333,17.375483333,13.744776667,70.448516667
2018-12-25 15:45:00,183.724566667,29.146226667,20.093003333,5.913646667,16.165070000,25.479940000,3.912123333,17.746746667,20.215226667,6.579466667,12.068336667,20.555003333,18.983723333,16.012280000,29.146226667
2018-12-25 15:40:00,197.929646667,33.655313333,18.760460000,3.804843333,14.779246667,25.455170000,4.341400000,17.708866667,20.214273333,6.589146667,12.049740000,26.074733333,25.662236667,22.489530000,33.655313333
2018-12-25 15:35:00,181.653576667,30.119266667,18.296560000,3.802590000,14.745570000,25.430713333,4.314603333,17.703390000,20.220076667,6.577106667,12.056550000,20.756300000,21.404690000,16.345426667,30.119266667
2018-12-25 15:30:00,187.330003333,61.690943333,20.375756667,7.083296667,18.410973333,25.006120000,3.451953333,17.333656667,20.327216667,6.664346667,12.418460000,19.056993333,22.588096667,14.613133333,61.690943333
2018-12-25 15:25:00,185.361326667,31.106773333,19.390590000,6.089810000,17.404976667,25.174923333,3.573350000,17.519043333,20.035900000,6.383876667,12.063310000,19.876070000,22.325176667,15.524300000,31.106773333
2018-12-25 15:20:00,168.526410000,75.731136667,15.781226667,2.976410000,13.935606667,23.592326667,3.054683333,17.232466667,19.184583333,5.536596667,12.050580000,21.891470000,18.190223333,15.100236667,75.731136667
2018-12-25 15:15:00,175.097970000,40.818770000,16.055360000,3.317620000,13.953740000,23.757050000,3.268303333,17.167043333,19.321403333,5.667020000,12.248980000,22.060950000,20.924093333,17.356406667,40.818770000
2018-12-25 15:10:00,167.514520000,45.608773333,15.733236667,3.225190000,14.025196667,23.845993333,3.736283333,17.210733333,19.065133333,5.431956667,11.957933333,19.179413333,18.045433333,16.058016667,45.608773333
2018-12-25 15:05:00,165.427020000,44.463580000,15.569800000,2.570516667,14.085526667,24.383480000,4.467290000,17.804573333,19.073536667,5.444290000,11.950700000,17.606910000,16.511926667,15.958470000,44.463580000
2018-12-25 15:00:00,161.547143333,96.644756667,15.483350000,2.586440000,14.036443333,23.462713333,3.079790000,17.077293333,19.159070000,5.525326667,12.293683333,18.649796667,16.771946667,13.421290000,96.644756667
2018-12-25 14:55:00,166.463783333,73.378046667,15.275393333,2.567886667,14.007863333,23.735110000,3.202336667,17.203110000,19.066463333,5.435756667,11.941740000,20.570000000,18.442186667,15.015936667,73.378046667
2018-12-25 14:50:00,176.846056667,27.315890000,16.712300000,2.925266667,14.449183333,24.231573333,3.593756667,17.422900000,19.069320000,5.435483333,11.956796667,22.845403333,21.172313333,17.031760000,27.315890000
2018-12-25 14:45:00,170.543300000,16.295866667,17.228376667,3.792143333,15.075570000,24.773416667,3.780113333,17.458313333,19.425186667,5.439936667,12.307640000,19.697163333,18.229810000,13.335630000,16.295866667
2018-12-25 14:40:00,172.345916667,27.822473333,17.619636667,4.122930000,15.251363333,25.312190000,4.380763333,17.779756667,20.287290000,6.389980000,12.191516667,18.392063333,17.207036667,13.411390000,27.822473333
2018-12-25 14:35:00,177.113950000,29.187886667,18.501730000,5.189096667,16.599486667,25.327880000,4.361546667,17.710453333,20.115200000,6.509780000,12.213366667,18.693893333,17.779870000,14.111646667,29.187886667
2018-12-25 14:30:00,188.039520000,31.628720000,19.915476667,7.027050000,18.331083333,25.263336667,3.900216667,17.683850000,20.003153333,6.423270000,11.857186667,20.899270000,20.070676667,16.664950000,31.628720000
2018-12-25 14:25:00,181.158683333,53.015860000,17.036976667,3.382700000,14.840030000,25.247550000,3.897246667,17.785453333,19.986366667,6.352480000,11.926060000,21.850503333,21.254596667,17.598720000,53.015860000
2018-12-25 14:20:00,164.558416667,22.631416667,15.816490000,2.932603333,13.952726667,25.356010000,3.852240000,17.592193333,19.997660000,6.353040000,11.921716667,17.262746667,16.649476667,12.871513333,22.631416667
2018-12-25 14:15:00,168.060106667,21.314916667,15.742310000,2.862356667,13.956840000,24.843720000,3.849710000,17.440590000,20.026883333,6.395033333,11.984740000,17.021880000,19.459746667,14.476296667,21.314916667
2018-12-25 14:10:00,168.135020000,30.287696667,15.709763333,3.233073333,14.050720000,23.852536667,3.960843333,17.172763333,19.232646667,5.618170000,11.926000000,17.984043333,20.119740000,15.274720000,30.287696667
2018-12-25 14:05:00,175.868513333,20.256886667,15.221083333,3.091110000,14.129606667,24.467260000,4.526513333,17.705856667,19.042390000,5.398846667,12.268746667,20.111166667,22.431030000,17.474903333,20.256886667
2018-12-25 14:00:00,173.989230000,25.243023333,15.585433333,2.863933333,14.420763333,23.974710000,3.514026667,17.278716667,18.942963333,5.311616667,11.917590000,20.958450000,21.953030000,17.267996667,25.243023333
2018-12-25 13:55:00,166.230706667,60.223000000,18.378456667,4.648416667,15.612343333,23.671493333,3.301016667,17.238116667,18.937226667,5.309853333,11.926630000,17.230923333,17.120323333,12.855906667,60.223000000
2018-12-25 13:50:00,167.822593333,35.588386667,19.094510000,4.477403333,15.333510000,25.140993333,4.782846667,17.443363333,18.952993333,5.315300000,11.934343333,16.934136667,15.774203333,12.638990000,35.588386667
2018-12-25 13:45:00,172.555503333,42.516866667,18.708966667,3.786923333,14.674396667,26.972336667,6.978940000,17.541180000,18.948656667,5.311953333,11.945620000,17.685300000,16.554723333,13.446506667,42.516866667
2018-12-25 13:40:00,174.575410000,40.247676667,17.025636667,3.103223333,14.454470000,26.788413333,7.173066667,17.357040000,19.201746667,5.558136667,12.506000000,18.809440000,18.152883333,14.445353333,40.247676667
2018-12-25 13:35:00,188.104463333,43.755223333,18.988766667,5.888780000,16.987546667,27.857293333,7.432160000,17.619336667,18.806893333,5.205580000,11.824963333,20.737430000,20.587513333,16.168200000,43.755223333
2018-12-25 13:30:00,189.180610000,66.377510000,19.904870000,7.311930000,18.230040000,27.776310000,6.717746667,17.603066667,19.449866667,5.818506667,11.909233333,20.077290000,18.968436667,15.413313333,66.377510000
2018-12-25 13:25:00,176.226550000,39.191493333,16.712860000,2.977723333,14.427180000,28.021686667,6.952536667,17.734943333,20.395273333,6.255890000,12.372163333,19.518823333,17.320026667,13.537443333,39.191493333
2018-12-25 13:20:00,184.193943333,35.163300000,16.060690000,3.028143333,14.003926667,28.251683333,7.139896667,17.901010000,20.140293333,6.443626667,12.174470000,22.198936667,20.481680000,16.369586667,35.163300000
2018-12-25 13:15:00,178.463630000,37.550163333,16.020716667,3.157130000,14.064813333,28.425006667,7.576626667,18.136156667,19.945050000,6.326890000,12.174793333,20.166666667,18.422860000,14.046920000,37.550163333
2018-12-25 13:10:00,187.556363333,60.257186667,17.653746667,4.455170000,15.588066667,28.019110000,7.457006667,17.861983333,19.961310000,6.342683333,11.953020000,21.684550000,20.420440000,16.159276667,60.257186667
2018-12-25 13:05:00,172.546456667,47.201870000,15.378643333,2.747963333,14.093410000,24.337203333,3.962120000,17.457476667,19.969836667,6.355123333,11.957350000,20.446813333,19.899073333,15.941443333,47.201870000
2018-12-25 13:00:00,162.309250000,49.861986667,15.477206667,2.962700000,14.069046667,23.739896667,3.327733333,17.247580000,19.607136667,5.996770000,11.946150000,17.778016667,17.307510000,12.849503333,49.861986667
2018-12-25 12:55:00,158.488210000,79.987346667,15.118010000,2.900996667,13.888593333,23.071716667,2.843616667,17.089530000,18.933103333,5.323706667,11.954373333,17.841010000,16.684123333,12.839430000,79.987346667
2018-12-25 12:50:00,159.631470000,88.940400000,16.265260000,2.828933333,14.202783333,23.137463333,2.843803333,16.986296667,19.026873333,5.425393333,12.310900000,17.605776667,16.148283333,12.849703333,88.940400000
2018-12-25 12:45:00,167.184156667,36.138086667,16.369120000,2.888783333,14.256873333,23.508833333,3.461290000,17.157260000,18.910856667,5.331970000,11.947226667,19.469420000,18.823533333,15.058990000,36.138086667
2018-12-25 12:40:00,172.444916667,27.225590000,16.338210000,2.827626667,14.214320000,24.085626667,4.195003333,17.579100000,18.890733333,5.345420000,11.904580000,20.600813333,20.097920000,16.365563333,27.225590000
2018-12-25 12:35:00,166.710813333,65.517130000,16.580520000,2.877090000,14.331380000,23.944523333,4.084210000,17.652766667,18.882426667,5.347506667,11.888766667,18.559543333,18.034093333,14.527986667,65.517130000
2018-12-25 12:30:00,170.543853333,37.043056667,18.932896667,6.038583333,17.296536667,24.330130000,3.946010000,17.833510000,18.909983333,5.361016667,11.906020000,16.880210000,16.410036667,12.698920000,37.043056667
2018-12-25 12:25:00,178.115703333,34.190260000,20.471113333,7.332690000,18.424040000,25.373606667,4.005270000,17.923843333,19.205100000,5.625890000,12.556240000,17.330460000,17.029110000,12.838340000,34.190260000
2018-12-25 12:20:00,167.224963333,51.589643333,16.347640000,3.699753333,14.149020000,25.112500000,3.726353333,17.740463333,19.535710000,5.544420000,12.290476667,18.178330000,17.279883333,13.620413333,51.589643333
2018-12-25 12:15:00,186.716473333,56.142710000,16.353420000,3.491603333,14.131760000,25.352370000,4.461276667,18.149506667,20.015126667,6.279316667,12.010856667,23.875240000,23.090750000,19.505246667,56.142710000
2018-12-25 12:10:00,174.433873333,18.648613333,17.343803333,3.619080000,14.294576667,25.163346667,4.257473333,17.645280000,19.819696667,6.276846667,11.825016667,19.552173333,19.048816667,15.587763333,18.648613333
2018-12-25 12:05:00,168.295053333,23.996746667,17.179250000,3.550216667,14.308463333,25.101970000,4.023783333,17.555453333,19.948416667,6.381833333,12.284296667,17.407730000,17.282563333,13.271076667,23.996746667
2018-12-25 12:00:00,170.197246667,23.558116667,17.389596667,3.587510000,14.331616667,25.057580000,3.656900000,17.700440000,19.823513333,6.276666667,11.848046667,19.074976667,17.743883333,13.706516667,23.558116667
2018-12-25 11:55:00,169.950276667,16.457906667,17.297800000,3.403260000,14.260073333,24.083113333,3.425346667,17.352240000,19.903793333,6.348966667,11.895996667,19.695573333,18.069190000,14.214923333,16.457906667
2018-12-25 11:50:00,175.395623333,12.721706667,18.220730000,3.720113333,14.549710000,23.908553333,3.440523333,17.260816667,19.870133333,6.350013333,11.909316667,21.299793333,19.493536667,15.372383333,12.721706667
2018-12-25 11:45:00,181.337256667,6.025210000,19.380280000,4.626213333,15.077950000,23.964723333,3.843343333,17.373866667,19.188256667,5.645433333,12.602703333,21.472700000,22.824993333,15.336793333,6.025210000
2018-12-25 11:40:00,176.992466667,1.546263333,19.764966667,5.101506667,15.743960000,24.082083333,4.107110000,17.447830000,18.882976667,5.348433333,11.920283333,17.377840000,20.760246667,16.455230000,1.546263333
2018-12-25 11:35:00,167.352236667,3.608870000,18.404233333,3.728613333,14.625443333,24.158466667,4.079036667,17.468363333,18.881693333,5.344790000,11.911193333,17.490583333,17.339933333,13.919886667,3.608870000
2018-12-25 11:30:00,170.456306667,8.087290000,18.892773333,3.791740000,14.683113333,24.272060000,3.885203333,17.681770000,18.838603333,5.333723333,11.908126667,18.633210000,17.900933333,14.635050000,8.087290000
2018-12-25 11:25:00,168.787926667,11.457753333,16.437826667,2.958880000,14.312490000,24.094840000,3.639196667,17.468400000,18.960856667,5.438860000,12.344483333,19.152530000,18.858763333,15.120800000,11.457753333
2018-12-25 11:20:00,170.884556667,26.817313333,16.136636667,3.170056667,14.143426667,24.543296667,3.536320000,17.550016667,19.501833333,5.495263333,12.588553333,19.692633333,19.098700000,15.427820000,26.817313333
2018-12-25 11:15:00,165.286290000,19.532463333,15.902103333,3.209040000,14.100526667,25.956003333,4.959980000,18.531113333,18.964010000,5.218813333,12.014600000,17.378896667,16.292353333,12.758850000,19.532463333
2018-12-25 11:10:00,189.188993333,23.180896667,19.037986667,7.202663333,17.939416667,25.460273333,4.499733333,17.964843333,18.760976667,5.219826667,11.827746667,21.660146667,22.888763333,16.726616667,23.180896667
2018-12-25 11:05:00,175.277516667,26.215123333,16.494160000,4.300476667,15.211476667,25.291560000,4.344453333,17.873516667,19.910716667,6.401636667,12.260476667,18.717490000,20.376393333,14.095160000,26.215123333
2018-12-25 11:00:00,175.984266667,24.520146667,17.309133333,4.335856667,15.553536667,25.127843333,3.719036667,17.613760000,19.787646667,6.266770000,11.815823333,19.585716667,19.304063333,15.565080000,24.520146667
2018-12-25 10:55:00,174.937970000,28.774273333,17.539160000,3.540370000,14.912290000,25.186813333,3.727873333,17.643030000,19.884986667,6.327923333,11.912100000,19.794520000,18.907756667,15.561146667,28.774273333
2018-12-25 10:50:00,165.205630000,36.149206667,17.104146667,3.251093333,14.615700000,24.623123333,3.528903333,17.570476667,20.035890000,6.483040000,12.108620000,17.005310000,16.131723333,12.747603333,36.149206667
2018-12-25 10:45:00,166.426610000,29.153963333,16.428116667,3.101230000,14.431013333,24.296050000,4.116056667,17.699073333,20.073460000,6.516803333,12.448693333,17.429426667,16.821836667,13.064850000,29.153963333
2018-12-25 10:40:00,170.507670000,23.611250000,16.644136667,3.094816667,14.563896667,24.196566667,4.165646667,17.698076667,19.916436667,6.354193333,11.948446667,18.778726667,18.767170000,14.379556667,23.611250000
2018-12-25 10:35:00,172.643453333,31.502903333,16.293450000,3.035453333,14.377953333,23.694563333,3.686393333,17.386206667,19.055280000,5.533420000,11.922596667,19.621170000,21.292563333,16.744403333,31.502903333
2018-12-25 10:30:00,176.533536667,28.403643333,16.662460000,3.382310000,14.530016667,23.768933333,3.266136667,17.343176667,19.553340000,5.417186667,12.758126667,20.109516667,22.260500000,17.481833333,28.403643333
2018-12-25 10:25:00,175.690093333,29.294393333,18.152006667,4.810123333,15.715953333,24.140910000,3.733426667,17.736543333,19.892536667,5.472596667,13.207846667,17.616290000,20.323653333,14.888206667,29.294393333
2018-12-25 10:20:00,165.764456667,31.706196667,16.085613333,3.445353333,14.239253333,23.765280000,3.278713333,17.340363333,20.469396667,5.537403333,13.616706667,17.658453333,17.253496667,13.074423333,31.706196667
2018-12-25 10:15:00,168.912616667,31.392826667,15.982740000,3.294436667,14.049550000,24.439933333,4.245263333,17.961366667,19.978773333,5.526716667,13.117696667,19.236623333,17.243493333,13.836023333,31.392826667
2018-12-25 10:10:00,182.338960000,27.301000000,15.597690000,2.750990000,14.227133333,26.058603333,5.104660000,18.557236667,20.240853333,5.858576667,13.769220000,22.994063333,20.654683333,16.525250000,27.301000000
2018-12-25 10:05:00,189.993486667,20.696470000,15.778673333,2.703246667,14.418686667,25.945803333,4.907786667,18.446083333,20.088993333,5.736353333,13.259973333,25.962770000,23.834626667,18.910490000,20.696470000
2018-12-25 10:00:00,177.189780000,19.410936667,17.405353333,3.474053333,14.607716667,25.968873333,4.709603333,18.598596667,20.029910000,5.750750000,13.222386667,21.276450000,18.359516667,13.786570000,19.410936667
2018-12-25 09:55:00,177.226823333,16.401420000,17.976760000,3.687230000,14.502590000,25.703403333,4.551143333,18.339806667,21.001253333,6.775756667,13.437873333,20.875160000,17.148010000,13.227836667,16.401420000
2018-12-25 09:50:00,178.282046667,16.152296667,18.823050000,4.198736667,14.691166667,25.521173333,4.371250000,18.225243333,21.203856667,6.978836667,13.610513333,19.596396667,17.507420000,13.554403333,16.152296667
2018-12-25 09:45:00,188.098750000,11.119970000,19.237523333,6.100906667,17.020286667,25.666193333,4.779716667,18.227423333,21.144573333,6.919930000,13.301240000,20.366390000,19.884063333,15.450503333,11.119970000
2018-12-25 09:40:00,189.553656667,9.080746667,19.860270000,6.361190000,17.736410000,24.639183333,4.691353333,17.852816667,21.153843333,6.919190000,13.294510000,21.140433333,19.790966667,16.113490000,9.080746667
2018-12-25 09:35:00,172.566416667,6.566426667,16.385850000,2.866130000,14.292293333,24.582810000,4.706986667,18.009166667,21.521903333,7.244560000,14.102530000,18.355840000,17.121793333,13.376553333,6.566426667
2018-12-25 09:30:00,172.191120000,6.414863333,16.359336667,2.845346667,14.239993333,24.767746667,4.483176667,18.198466667,21.187156667,6.914003333,13.310853333,19.003350000,17.347880000,13.533810000,6.414863333
2018-12-25 09:25:00,171.033006667,5.125553333,15.995000000,2.916993333,14.229686667,24.498646667,4.293316667,18.013853333,21.134043333,6.415630000,13.987570000,18.757080000,17.692140000,13.099046667,5.125553333
2018-12-25 09:20:00,174.285510000,5.293870000,15.549043333,3.088043333,13.880450000,24.544620000,4.296080000,18.048000000,20.307186667,5.847010000,13.667026667,20.781286667,18.736093333,15.540670000,5.293870000
2018-12-25 09:15:00,178.143950000,4.933076667,15.906833333,3.185873333,13.944213333,24.507213333,4.458576667,17.957636667,20.127046667,5.823990000,13.480810000,21.764766667,20.320793333,16.666196667,4.933076667
2018-12-25 09:10:00,167.443356667,2.757030000,15.597256667,3.267676667,13.991696667,24.428243333,4.572196667,17.907786667,20.070063333,5.759483333,13.223356667,18.483360000,16.753976667,13.388260000,2.757030000
2018-12-25 09:05:00,176.810046667,3.639876667,15.375896667,2.982916667,14.087113333,25.030186667,4.613896667,18.035910000,20.065593333,5.757933333,13.251570000,21.504813333,20.057540000,16.046676667,3.639876667
2018-12-25 09:00:00,169.090816667,0.597943333,15.921260000,2.886996667,14.356746667,25.681926667,4.201360000,18.165116667,20.263706667,5.891023333,13.782643333,18.186456667,16.725620000,13.027960000,0.597943333
2018-12-25 08:55:00,180.813946667,-0.103636667,17.818406667,4.511633333,15.707383333,25.647813333,4.179346667,18.157203333,20.371153333,5.992450000,13.548423333,21.198833333,19.186680000,14.494620000,-0.103636667
2018-12-25 08:50:00,184.257246667,0.424530000,17.133763333,3.561213333,14.891856667,25.691840000,4.143860000,18.108550000,20.401880000,6.053490000,13.587660000,23.581333333,20.441416667,16.660383333,0.424530000
2018-12-25 08:45:00,183.298616667,0.315586667,16.723620000,3.160320000,14.588436667,25.788953333,4.561706667,18.231763333,21.235173333,6.894200000,13.858973333,22.851230000,19.888903333,15.515336667,0.315586667
2018-12-25 08:40:00,175.362383333,-0.017993333,16.588546667,3.027593333,14.415090000,25.831543333,4.780360000,18.288546667,21.262230000,6.904216667,13.431716667,20.278233333,17.231383333,13.322923333,-0.017993333
2018-12-25 08:35:00,173.234560000,1.251183333,16.265843333,2.977026667,14.196276667,25.886083333,5.200610000,18.577100000,21.131320000,6.881316667,13.291300000,18.460930000,16.974993333,13.391760000,1.251183333
2018-12-25 08:30:00,174.345610000,1.307153333,17.285466667,3.715183333,14.190530000,24.138873333,4.122796667,17.679173333,20.723523333,6.651523333,13.724373333,19.525806667,18.149006667,14.439353333,1.307153333
2018-12-25 08:25:00,179.271993333,4.173626667,17.064420000,3.709910000,14.016880000,24.115793333,4.051260000,17.619010000,21.286586667,7.101190000,13.834930000,20.757940000,19.977630000,15.736443333,4.173626667
2018-12-25 08:20:00,178.029590000,3.886160000,18.446496667,4.734110000,14.849890000,24.115116667,4.067456667,17.602113333,21.001536667,6.816130000,13.154733333,19.470736667,17.602663333,16.168606667,3.886160000
2018-12-25 08:15:00,180.118093333,1.478906667,19.837626667,5.901560000,16.054230000,24.039013333,4.341536667,17.632153333,20.372443333,6.161183333,13.185826667,19.218503333,17.662533333,15.711483333,1.478906667
2018-12-25 08:10:00,184.152436667,-1.154573333,18.457110000,6.332653333,17.077926667,24.027220000,4.491776667,17.553226667,20.143910000,5.915586667,13.751656667,20.889643333,19.627033333,15.884693333,-1.154573333
2018-12-25 08:05:00,184.725563333,-1.752556667,15.860756667,2.918020000,14.195460000,24.090833333,4.498540000,17.658593333,20.010063333,5.771636667,13.186280000,23.480646667,24.310606667,18.744126667,-1.752556667
2018-12-25 08:00:00,188.304733333,-1.748836667,16.345626667,3.077256667,14.222596667,24.143866667,4.004516667,17.747406667,19.996846667,5.750990000,13.197263333,24.081530000,26.650790000,19.086043333,-1.748836667
2018-12-25 07:55:00,177.245553333,-1.750030000,16.449970000,2.973323333,14.273690000,25.481183333,4.306293333,18.210920000,20.214396667,5.961450000,13.727076667,19.947703333,20.927800000,14.771746667,-1.750030000
2018-12-25 07:50:00,171.103840000,-1.746953333,16.354513333,3.349106667,14.309146667,26.245396667,4.436620000,18.994016667,20.231290000,6.002966667,13.546673333,17.967476667,16.802633333,12.864000000,-1.746953333
2018-12-25 07:45:00,173.797090000,-1.748830000,16.324136667,3.281570000,14.260383333,26.281726667,4.730156667,19.011010000,20.136460000,5.897040000,13.328786667,19.124226667,17.949196667,13.472396667,-1.748830000
2018-12-25 07:40:00,176.494666667,-1.750886667,16.684553333,3.290996667,14.505356667,26.366360000,5.114986667,19.036950000,20.369143333,5.910190000,13.662293333,19.627976667,17.583476667,14.342383333,-1.750886667
2018-12-25 07:35:00,185.186166667,-1.751463333,17.731633333,4.426796667,15.597506667,26.121636667,4.759606667,18.804420000,21.477693333,6.850580000,14.074856667,20.742430000,18.959320000,15.639686667,-1.751463333
2018-12-25 07:30:00,178.092246667,-1.743936667,15.160160000,2.569443333,13.931436667,26.130930000,4.221176667,18.805050000,21.335966667,7.078373333,13.579556667,20.605380000,19.253053333,15.421720000,-1.743936667
2018-12-25 07:25:00,196.033846667,-1.740253333,15.488996667,3.327216667,14.185870000,27.791536667,6.105366667,20.718583333,23.255413333,9.527846667,15.224936667,23.010786667,21.316343333,16.080950000,-1.740253333
2018-12-25 07:20:00,196.177710000,-1.744563333,16.843310000,4.700843333,14.682766667,27.388770000,6.012253333,20.720123333,22.870116667,9.485676667,15.514003333,22.040876667,20.453246667,15.465723333,-1.744563333
2018-12-25 07:15:00,196.258883333,-1.747720000,16.756633333,4.700783333,14.577086667,27.379636667,6.255950000,20.750170000,22.914116667,9.315893333,14.992263333,21.157810000,21.568823333,15.889716667,-1.747720000
2018-12-25 07:10:00,205.582696667,-1.749516667,17.133350000,5.057170000,14.846196667,27.453993333,6.599040000,20.827230000,23.653286667,9.561743333,15.121856667,23.125370000,24.140120000,18.063340000,-1.749516667
2018-12-25 07:05:00,203.767750000,-1.745136667,17.830703333,4.948960000,15.113160000,27.377753333,6.478976667,20.684726667,22.992906667,8.954620000,15.373153333,22.686786667,23.711853333,17.614150000,-1.745136667
2018-12-25 07:00:00,191.874553333,-1.744646667,17.841876667,4.824013333,15.195300000,27.388220000,5.909440000,20.580916667,21.845083333,8.395896667,15.306786667,20.079233333,19.987046667,14.520740000,-1.744646667
2018-12-25 06:55:00,202.945856667,-1.745463333,19.489800000,6.073676667,16.517596667,27.395863333,5.988403333,20.750643333,21.774386667,8.342956667,15.044476667,23.414030000,21.390056667,16.763966667,-1.745463333
2018-12-25 06:50:00,191.081750000,-1.743000000,17.655500000,4.628950000,14.985736667,28.270766667,6.585593333,21.292463333,22.046290000,8.406020000,15.132910000,20.065423333,18.449113333,13.562983333,-1.743000000
2018-12-25 06:45:00,202.299446667,-1.741403333,17.823006667,4.612680000,15.006536667,28.712440000,6.502170000,21.015223333,23.380486667,8.814646667,16.268060000,22.860426667,21.078316667,16.225453333,-1.741403333
2018-12-25 06:40:00,212.345993333,-1.744320000,20.166670000,7.469723333,17.845316667,28.867993333,6.966593333,21.206986667,22.536503333,8.582310000,15.173306667,23.854296667,22.275240000,17.401053333,-1.744320000
2018-12-25 06:35:00,194.929693333,-1.755606667,18.146386667,5.562833333,16.198863333,28.865896667,6.913080000,21.189500000,22.033533333,8.524963333,15.292336667,20.567946667,18.117620000,13.516733333,-1.755606667
2018-12-25 06:30:00,191.926273333,-1.754813333,18.053230000,5.057036667,14.978650000,28.867646667,6.352780000,21.206850000,21.830203333,8.312916667,15.319630000,20.388736667,18.134873333,13.423720000,-1.754813333
2018-12-25 06:25:00,200.823566667,-1.752260000,18.750956667,5.482296667,15.177730000,28.904820000,6.403626667,21.205690000,23.315300000,9.390966667,15.321826667,22.517113333,19.849186667,14.504053333,-1.752260000
2018-12-25 06:20:00,208.147956667,-1.744323333,20.409830000,6.525280000,16.109983333,28.619266667,6.237513333,21.017816667,23.710536667,9.591543333,15.105940000,23.990490000,20.819906667,16.009850000,-1.744323333
2018-12-25 06:15:00,206.127343333,-1.742963333,19.799753333,6.047516667,15.707283333,27.477480000,6.148090000,20.779310000,22.816353333,9.283220000,14.971410000,24.597940000,21.821446667,16.677540000,-1.742963333
2018-12-25 06:10:00,194.635256667,-1.743643333,18.120566667,4.673416667,15.228046667,27.485493333,6.459633333,20.773340000,22.986846667,9.417083333,15.481756667,21.646573333,18.555236667,13.807263333,-1.743643333
2018-12-25 06:05:00,193.818086667,-1.748530000,17.785490000,4.650756667,15.169300000,27.556906667,6.416696667,20.734880000,23.464840000,9.647266667,15.330023333,20.402860000,18.974293333,13.684773333,-1.748530000
2018-12-25 06:00:00,196.512326667,-1.729143333,18.016673333,4.503240000,15.175313333,27.692590000,5.996876667,20.867616667,23.929306667,9.685493333,15.259466667,21.646996667,19.129016667,14.609736667,-1.729143333
2018-12-25 05:55:00,199.993696667,-1.730670000,17.640820000,4.510763333,15.089910000,27.700000000,5.850186667,20.869023333,23.368373333,8.995130000,16.255086667,22.878663333,20.893760000,15.941980000,-1.730670000
2018-12-25 05:50:00,210.710283333,-1.731906667,18.031253333,4.952020000,15.202476667,28.141203333,6.410356667,21.387980000,22.047796667,8.341766667,15.182876667,26.552853333,24.475120000,19.984580000,-1.731906667
2018-12-25 05:45:00,190.579756667,-1.732656667,17.574973333,4.712056667,15.165443333,27.758496667,6.026003333,20.838323333,22.306410000,8.564200000,15.405810000,20.160896667,18.638083333,13.429060000,-1.732656667
2018-12-25 05:40:00,191.507763333,-1.736943333,16.786476667,4.274773333,14.979780000,28.727986667,6.533970000,20.950763333,23.135833333,8.821510000,15.620140000,20.058293333,17.938843333,13.679393333,-1.736943333
2018-12-25 05:35:00,198.880400000,-1.733486667,18.601016667,5.840216667,16.500516667,29.078973333,6.545866667,21.098986667,22.675160000,8.567390000,15.606040000,20.950366667,19.007896667,14.407970000,-1.733486667
2018-12-25 05:30:00,197.004216667,-1.731050000,17.219016667,4.624913333,15.443566667,29.081063333,6.150416667,21.185833333,21.933583333,8.216126667,15.057663333,22.101933333,20.314023333,15.676076667,-1.731050000
2018-12-25 05:25:00,200.448896667,-1.731496667,16.969056667,4.162013333,14.983583333,29.215343333,5.933723333,21.024370000,21.949546667,8.201953333,15.060136667,23.928473333,22.063203333,16.957493333,-1.731496667
2018-12-25 05:20:00,194.384066667,-1.736386667,18.059230000,4.791846667,15.093206667,29.239396667,6.013720000,21.181860000,22.815430000,8.571460000,15.639153333,20.877273333,18.391343333,13.710146667,-1.736386667
2018-12-25 05:15:00,195.747670000,-1.732793333,18.402343333,4.931956667,15.074606667,29.303903333,6.224250000,21.310713333,23.777153333,9.506910000,15.471500000,20.276946667,17.777430000,13.689956667,-1.732793333
2018-12-25 05:10:00,204.618386667,-1.738000000,21.513393333,8.788770000,18.663300000,28.588520000,6.371120000,21.081893333,23.153073333,9.276443333,15.220453333,20.014013333,18.390750000,13.556656667,-1.738000000
2018-12-25 05:05:00,204.749210000,-1.738660000,18.577480000,5.279756667,15.916460000,28.003913333,6.156576667,20.823300000,23.932170000,9.660103333,16.391556667,22.727873333,21.055216667,16.224803333,-1.738660000
2018-12-25 05:00:00,204.473060000,-1.728836667,18.146186667,4.334486667,15.330633333,27.932566667,5.642236667,20.798110000,23.784836667,9.570476667,15.307913333,24.065143333,22.116223333,17.444246667,-1.728836667
2018-12-25 04:55:00,200.789906667,-1.731106667,19.408883333,5.742650000,16.740103333,28.036470000,5.512056667,20.763536667,24.235780000,9.830500000,15.590716667,20.323470000,18.557876667,16.047863333,-1.731106667
2018-12-25 04:50:00,203.128586667,-1.734836667,17.688586667,4.381483333,15.531936667,28.309243333,5.902026667,21.065413333,23.253890000,9.438716667,15.555540000,23.708280000,20.618666667,17.674803333,-1.734836667
2018-12-25 04:45:00,203.931576667,-1.733640000,16.892126667,3.948330000,15.078660000,28.231500000,5.827950000,20.923173333,22.751166667,8.916166667,15.579320000,25.138836667,23.054236667,17.590110000,-1.733640000
2018-12-25 04:40:00,198.776643333,-1.734563333,16.982963333,3.986290000,15.104936667,28.132816667,6.112700000,20.861823333,22.722920000,8.612790000,15.550543333,23.393460000,20.746960000,16.568440000,-1.734563333
2018-12-25 04:35:00,203.208546667,-1.744496667,17.188160000,4.306756667,15.273603333,28.383310000,6.223940000,20.960070000,22.944810000,8.490256667,15.246986667,25.602820000,21.596966667,16.990866667,-1.744496667
2018-12-25 04:30:00,194.639850000,-1.740203333,17.688040000,4.645213333,15.330376667,29.547313333,6.186743333,21.324923333,22.952523333,8.596946667,15.789856667,20.933290000,17.916570000,13.728053333,-1.740203333
2018-12-25 04:25:00,192.482070000,-1.740083333,18.391346667,4.468360000,15.466950000,29.507046667,5.917830000,21.172906667,22.004160000,8.178133333,15.113690000,20.163620000,18.545920000,13.552106667,-1.740083333
2018-12-25 04:20:00,198.402396667,-1.739240000,19.775363333,5.481696667,16.092923333,29.375116667,5.808163333,21.036830000,22.312050000,8.182723333,15.414476667,20.001630000,21.535120000,13.386303333,-1.739240000
2018-12-25 04:15:00,214.061320000,-1.740590000,21.285580000,6.341320000,16.976883333,29.371540000,6.032623333,21.165733333,23.464010000,8.827663333,16.373016667,24.180540000,24.192206667,15.850203333,-1.740590000
2018-12-25 04:10:00,208.884733333,-1.739666667,18.406100000,4.594976667,15.680306667,29.368870000,6.345000000,21.075840000,23.043333333,8.622526667,15.379160000,26.317856667,22.203893333,17.846870000,-1.739666667
2018-12-25 04:05:00,200.673563333,-1.745693333,17.976233333,4.424656667,15.581393333,29.421250000,6.312446667,21.166596667,23.284473333,9.193893333,15.333633333,22.730150000,20.774270000,14.474566667,-1.745693333
2018-12-25 04:00:00,200.242883333,-1.740680000,17.869880000,4.411526667,15.716223333,28.301220000,5.593440000,21.097476667,23.427753333,9.541180000,15.775033333,21.644053333,21.276113333,15.588983333,-1.740680000
2018-12-25 03:55:00,197.245820000,-1.753040000,17.318923333,4.731113333,15.628846667,28.205023333,5.522056667,20.924073333,23.721850000,9.555286667,15.613536667,19.845510000,20.960110000,15.219490000,-1.753040000
2018-12-25 03:50:00,207.874816667,-1.755063333,19.108683333,5.549573333,15.735783333,28.114113333,5.501763333,20.886420000,24.188203333,9.731946667,15.450013333,22.199400000,23.528733333,17.880183333,-1.755063333
2018-12-25 03:45:00,223.976196667,-1.754913333,19.814803333,6.187916667,16.713456667,28.615593333,6.225420000,21.363156667,23.966776667,9.786790000,15.656286667,27.858950000,26.479190000,21.307856667,-1.754913333
2018-12-25 03:40:00,207.405850000,-1.751526667,22.724430000,8.812913333,19.225946667,28.473706667,6.390716667,21.113466667,23.395046667,9.535186667,15.770540000,20.388430000,17.978896667,13.596570000,-1.751526667
2018-12-25 03:35:00,196.245360000,-1.753523333,19.008186667,5.108906667,16.307406667,28.839456667,6.674383333,21.359383333,23.022553333,8.963926667,15.391790000,20.354353333,17.781286667,13.433726667,-1.753523333
2018-12-25 03:30:00,199.151060000,-1.754253333,19.782436667,6.018230000,16.968843333,28.679473333,6.240963333,21.383313333,23.702116667,8.698500000,15.932856667,20.184576667,17.978590000,13.581160000,-1.754253333
2018-12-25 03:25:00,202.508903333,-1.755220000,18.477170000,4.607476667,15.624226667,29.325973333,6.335870000,21.625803333,23.285050000,8.834630000,15.945216667,22.243166667,20.620656667,15.583663333,-1.755220000
2018-12-25 03:20:00,209.155733333,-1.757540000,18.501833333,4.763640000,15.502600000,30.463126667,7.866073333,22.861826667,22.692576667,8.569206667,15.377713333,23.667496667,21.779396667,17.110243333,-1.757540000
2018-12-25 03:15:00,200.404380000,-1.749146667,18.621300000,5.067076667,15.462446667,30.450520000,7.958686667,22.570663333,22.282750000,8.481810000,15.370103333,20.917600000,18.615980000,14.605443333,-1.749146667
2018-12-25 03:10:00,198.889103333,-1.751470000,17.955830000,4.914066667,15.428503333,30.756016667,8.613390000,22.815046667,22.387676667,8.558576667,15.726226667,20.026096667,18.189806667,13.517866667,-1.751470000
2018-12-25 03:05:00,199.780893333,-1.757386667,17.109316667,4.299893333,15.235023333,30.990106667,8.814490000,22.941230000,22.352646667,8.666886667,15.533600000,20.960676667,18.704936667,14.172086667,-1.757386667
2018-12-25 03:00:00,204.518450000,-1.758916667,17.574030000,4.409830000,15.345406667,30.843063333,8.243840000,22.908993333,22.318100000,8.870163333,15.361560000,22.439946667,20.489686667,15.713830000,-1.758916667
2018-12-25 02:55:00,210.907446667,-1.760796667,17.184803333,4.304660000,15.407843333,30.893880000,8.156746667,22.985650000,23.351893333,9.892703333,15.836613333,23.904280000,21.744546667,17.243826667,-1.760796667
2018-12-25 02:50:00,207.393466667,-1.760303333,19.474683333,5.410340000,16.608286667,29.984363333,7.993296667,22.766700000,24.425186667,10.513346667,16.168540000,20.614033333,19.372500000,14.062190000,-1.760303333
2018-12-25 02:45:00,215.493980000,-1.763136667,19.528220000,5.677396667,16.734586667,29.614993333,7.703166667,22.454783333,24.013236667,9.898643333,15.827876667,23.938070000,22.985130000,17.117876667,-1.763136667
2018-12-25 02:40:00,201.279453333,-1.766926667,18.494553333,4.818696667,15.842373333,29.957810000,8.484680000,22.797613333,23.446356667,9.579433333,15.506866667,20.086690000,18.674156667,13.590223333,-1.766926667
2018-12-25 02:35:00,205.408690000,-1.768730000,18.723830000,5.132870000,15.870910000,29.940633333,8.476930000,22.781746667,23.854116667,9.668263333,15.710143333,21.223413333,19.133963333,14.891870000,-1.768730000
2018-12-25 02:30:00,214.012606667,-1.765710000,18.287310000,4.943153333,15.645650000,29.894266667,7.986573333,22.691173333,24.259463333,9.740456667,15.420196667,23.186786667,25.341380000,16.616196667,-1.765710000
2018-12-25 02:25:00,208.671233333,-1.763560000,18.852206667,5.149860000,16.259396667,29.606193333,7.608693333,22.346376667,23.351453333,9.116853333,15.351596667,23.129903333,21.740256667,16.158443333,-1.763560000
2018-12-25 02:20:00,211.696436667,-1.763413333,21.083193333,8.364666667,19.049973333,29.640953333,7.407330000,22.321313333,22.614146667,8.606823333,15.903593333,20.728096667,18.615973333,17.360373333,-1.763413333
2018-12-25 02:15:00,201.303696667,-1.766080000,19.356553333,5.359643333,15.617043333,31.304173333,8.199243333,23.091776667,22.574030000,8.493913333,15.450403333,20.043433333,18.199250000,13.614233333,-1.766080000
2018-12-25 02:10:00,208.185546667,-1.766573333,20.158123333,6.005696667,16.333003333,31.393643333,8.504883333,23.037336667,23.422670000,8.781863333,15.598493333,21.261796667,19.296373333,14.391663333,-1.766573333
2018-12-25 02:05:00,219.075263333,-1.761690000,21.232376667,6.694373333,17.031540000,31.285566667,8.479883333,23.008316667,23.523616667,8.891753333,16.067206667,24.245783333,22.134086667,16.480760000,-1.761690000
2018-12-25 02:00:00,215.806733333,-1.763796667,20.574023333,5.607913333,16.019033333,31.199996667,8.022633333,22.968366667,23.818686667,8.840280000,16.024326667,24.378380000,21.593800000,16.759293333,-1.763796667
2018-12-25 01:55:00,209.169666667,-1.760550000,21.329246667,6.831530000,17.114386667,31.162926667,7.605350000,22.868536667,23.421446667,8.933206667,16.108206667,21.541503333,18.551670000,13.701656667,-1.760550000
2018-12-25 01:50:00,223.210040000,-1.750286667,20.633393333,5.416843333,16.107936667,33.034903333,8.969546667,23.654846667,23.345186667,9.336233333,16.008203333,26.223900000,22.576123333,17.902923333,-1.750286667
2018-12-25 01:45:00,238.910443333,-1.739506667,20.819836667,5.146826667,17.153163333,35.970443333,11.272123333,23.790696667,25.955116667,12.698913333,15.714016667,27.572310000,23.878716667,18.938280000,-1.739506667
2018-12-25 01:40:00,243.093420000,-1.725783333,21.393250000,4.931116667,18.293736667,35.468186667,11.535393333,23.577616667,27.273256667,15.260940000,15.568456667,27.413220000,23.983846667,18.394400000,-1.725783333
2018-12-25 01:35:00,248.875550000,-1.728076667,21.332430000,4.915496667,18.416333333,35.515996667,11.604016667,23.592866667,27.623903333,15.747103333,16.027753333,29.003036667,25.705076667,19.391536667,-1.728076667
2018-12-25 01:30:00,239.918630000,-1.728163333,20.487153333,4.723283333,18.140750000,36.251096667,11.927503333,23.640040000,27.634226667,15.884306667,15.701680000,26.384396667,22.574093333,16.570100000,-1.728163333
2018-12-25 01:25:00,252.440590000,-1.733346667,22.799720000,7.097273333,20.106006667,35.771140000,11.461113333,24.053050000,27.994246667,16.366193333,16.184356667,27.697976667,24.810536667,18.098976667,-1.733346667
2018-12-25 01:20:00,250.943176667,-1.726450000,23.787890000,7.628223333,20.339333333,35.720913333,11.477986667,24.086693333,28.590140000,16.908323333,17.033143333,25.376266667,22.633440000,17.360823333,-1.726450000
2018-12-25 01:15:00,257.404690000,-1.746420000,24.962100000,9.126843333,21.993040000,35.814066667,11.832910000,24.232690000,28.466943333,16.200203333,17.578376667,25.769746667,23.752470000,17.675300000,-1.746420000
2018-12-25 01:10:00,270.083180000,-1.773180000,26.507713333,10.606653333,23.936596667,36.779506667,12.993350000,24.900380000,26.996280000,15.536713333,16.569766667,28.578980000,26.146790000,20.530450000,-1.773180000
2018-12-25 01:05:00,265.376413333,-1.763740000,25.209313333,9.486370000,22.780540000,38.183823333,13.676933333,25.115953333,27.364290000,15.461256667,16.704136667,26.819973333,25.547026667,19.026796667,-1.763740000
2018-12-25 01:00:00,282.685230000,-1.763396667,25.096243333,8.971916667,22.345080000,38.037276667,13.133213333,24.715516667,27.725450000,15.451620000,17.058363333,34.561553333,31.031680000,24.557316667,-1.763396667
2018-12-25 00:55:00,272.594630000,-1.768920000,24.714630000,9.080776667,22.340313333,37.159480000,12.268433333,24.658593333,28.161016667,15.700330000,17.100710000,31.764350000,28.364096667,21.281900000,-1.768920000
2018-12-25 00:50:00,266.819776667,-1.773936667,24.933720000,9.611880000,22.618976667,37.646756667,12.743436667,24.842163333,27.696750000,15.293440000,16.466280000,27.323473333,25.071636667,22.571263333,-1.773936667
2018-12-25 00:45:00,273.648453333,-1.773363333,25.000680000,10.002973333,23.157113333,38.138113333,13.302750000,24.536943333,27.891063333,15.436013333,17.034856667,29.415673333,27.566076667,22.166196667,-1.773363333
2018-12-25 00:40:00,290.442863333,-1.773703333,26.998980000,12.058113333,24.787860000,37.401070000,13.064233333,24.539866667,27.636430000,15.402450000,16.469283333,32.588640000,34.675856667,24.820080000,-1.773703333
2018-12-25 00:35:00,275.052403333,-1.780240000,26.677883333,11.441313333,24.557596667,36.406190000,12.932043333,24.212693333,29.471640000,16.408480000,17.439900000,25.744640000,30.096790000,19.663233333,-1.780240000
2018-12-25 00:30:00,273.953460000,-1.782796667,25.944720000,10.313476667,23.539596667,36.680296667,12.828933333,24.168506667,30.242643333,16.869646667,18.379956667,27.316703333,27.512526667,20.156453333,-1.782796667
2018-12-25 00:25:00,274.683206667,-1.775150000,26.286833333,10.404726667,23.510606667,35.809656667,11.880683333,24.250850000,29.624143333,16.612980000,17.489106667,28.167976667,28.955603333,21.690040000,-1.775150000
2018-12-25 00:20:00,272.447400000,-1.773116667,25.780670000,10.322326667,22.941286667,35.685503333,11.896070000,24.240753333,29.815976667,16.738496667,17.353103333,28.444420000,27.849720000,21.379073333,-1.773116667
2018-12-25 00:15:00,291.376136667,-1.769620000,23.884183333,7.833740000,19.820206667,35.992266667,12.404536667,24.526126667,29.974350000,16.780810000,17.724043333,37.490680000,35.755323333,29.189870000,-1.769620000
2018-12-25 00:10:00,293.958910000,-1.775626667,24.270590000,8.737400000,21.067140000,35.915833333,12.784870000,24.518893333,29.934536667,16.556350000,17.465830000,37.638510000,36.081783333,28.987173333,-1.775626667
2018-12-25 00:05:00,302.214883333,-1.773796667,27.849296667,13.800863333,25.324826667,35.548546667,12.327866667,24.113310000,29.734776667,16.226393333,17.223543333,37.073140000,34.565826667,28.426493333,-1.773796667
2018-12-25 00:00:00,293.293880000,-1.772140000,26.764793333,11.850040000,23.544110000,36.516893333,11.918506667,24.145626667,28.854406667,15.705400000,17.443633333,34.578350000,32.780463333,29.191656667,-1.772140000
2018-12-24 23:55:00,284.758760000,-1.765676667,24.133573333,8.668396667,20.477196667,36.924096667,12.494306667,24.671530000,29.680090000,17.241276667,19.219333333,33.053956667,31.413423333,26.781580000,-1.765676667
